,Description,Rank
0,"19 = 'x', 21 = 'b', 25 = 'b'",4
1,"14 = 'b', 19 = 'b', 25 = 'b', 7 = 'x'",4
5,"18 = 'b', 36 = 'o', 8 = 'b'",4
6,"18 = 'b', 2 = 'b', 36 = 'o', 40 = 'b'",4
7,"18 = 'b', 3 = 'b', 36 = 'o', 39 = 'b'",4
8,"18 = 'b', 3 = 'b', 36 = 'o', 40 = 'b'",4
9,"18 = 'b', 3 = 'b', 36 = 'o', 41 = 'b', 9 = 'b'",4
10,"18 = 'b', 36 = 'o', 39 = 'b', 4 = 'b', 9 = 'b'",4
11,"18 = 'b', 36 = 'o', 4 = 'b', 40 = 'b', 9 = 'b'",4
12,"10 = 'b', 18 = 'b', 36 = 'o', 39 = 'b', 4 = 'b'",4
14,"1 = 'b', 14 = 'b', 20 = 'b', 36 = 'o', 39 = 'b'",4
15,"1 = 'b', 15 = 'b', 20 = 'b', 36 = 'o', 38 = 'b'",4
16,"2 = 'b', 21 = 'b', 36 = 'o', 37 = 'b'",4
17,"2 = 'b', 22 = 'b', 36 = 'o', 37 = 'b'",4
18,"21 = 'b', 3 = 'b', 36 = 'o', 37 = 'b'",4
19,"22 = 'b', 3 = 'b', 36 = 'o', 37 = 'b'",4
20,"21 = 'b', 36 = 'o', 37 = 'b', 4 = 'b'",4
21,"20 = 'b', 36 = 'o', 37 = 'b'",4
22,"10 = 'b', 23 = 'b', 3 = 'b', 36 = 'o', 37 = 'b'",4
23,"14 = 'b', 2 = 'b', 20 = 'b', 36 = 'o', 38 = 'b'",4
24,"14 = 'b', 20 = 'b', 3 = 'b', 36 = 'o', 38 = 'b'",4
28,"13 = 'b', 18 = 'x', 21 = 'b', 31 = 'b'",4
29,"13 = 'b', 18 = 'x', 21 = 'b', 26 = 'b'",4
30,"13 = 'b', 18 = 'x', 21 = 'b', 25 = 'b'",4
31,"14 = 'b', 18 = 'x', 21 = 'b', 24 = 'b'",4
33,"14 = 'b', 2 = 'b', 20 = 'b', 37 = 'b', 6 = 'o'",4
34,"0 = 'o', 14 = 'b', 2 = 'b', 20 = 'b', 8 = 'b'",4
13,"12 = 'x', 19 = 'b', 36 = 'o'",5
27,"13 = 'b', 18 = 'x', 24 = 'b'",5
2,"13 = 'x', 15 = 'b', 19 = 'b'",6
3,"13 = 'x', 15 = 'b', 20 = 'b'",6
4,"13 = 'x', 14 = 'b'",6
25,"18 = 'x', 20 = 'b'",6
26,"18 = 'x', 6 = 'o'",6
32,"18 = 'x', 19 = 'b'",6
