,Description,Quality,tp,fp,TP,FP
43,"18 = 'x', 20 = 'b', 29 = 'b', 35 = 'b', 41 = 'b'",41.06286703430619,11532,2839,44473,23084
42,0 = 'o',39.22527279647838,15597,4727,44473,23084
41,"0 = 'o', 35 = 'b'",39.216696213274254,15591,4725,44473,23084
40,"0 = 'o', 41 = 'b'",39.21120170935995,15590,4725,44473,23084
39,"0 = 'o', 29 = 'b'",39.204501050728815,15591,4726,44473,23084
38,"0 = 'o', 35 = 'b', 41 = 'b'",39.20262596181149,15584,4723,44473,23084
37,"0 = 'o', 29 = 'b', 35 = 'b'",39.19592401441762,15585,4724,44473,23084
36,"0 = 'o', 29 = 'b', 41 = 'b'",39.190429019263654,15584,4724,44473,23084
35,"0 = 'o', 29 = 'b', 35 = 'b', 41 = 'b'",39.181852816058395,15578,4722,44473,23084
34,"0 = 'o', 17 = 'b'",39.15177052340245,15537,4706,44473,23084
33,"0 = 'o', 17 = 'b', 35 = 'b'",39.143207405390406,15531,4704,44473,23084
32,"0 = 'o', 17 = 'b', 41 = 'b'",39.13770953519228,15530,4704,44473,23084
31,"0 = 'o', 17 = 'b', 29 = 'b'",39.130995416140244,15531,4705,44473,23084
30,"0 = 'o', 17 = 'b', 35 = 'b', 41 = 'b'",39.12914724297333,15524,4702,44473,23084
29,"0 = 'o', 17 = 'b', 29 = 'b', 35 = 'b'",39.1224318269076,15525,4703,44473,23084
28,"0 = 'o', 11 = 'b'",39.12185243377587,15536,4708,44473,23084
27,"0 = 'o', 17 = 'b', 29 = 'b', 41 = 'b'",39.1169334590927,15524,4703,44473,23084
26,"0 = 'o', 11 = 'b', 35 = 'b'",39.11328566350296,15530,4706,44473,23084
25,"0 = 'o', 17 = 'b', 29 = 'b', 35 = 'b', 41 = 'b'",39.10837069309341,15518,4701,44473,23084
24,"0 = 'o', 11 = 'b', 41 = 'b'",39.10778739917321,15529,4706,44473,23084
23,"0 = 'o', 23 = 'b'",39.10665895134988,15551,4716,44473,23084
22,"0 = 'o', 11 = 'b', 29 = 'b'",39.101074318791326,15530,4707,44473,23084
21,"0 = 'o', 11 = 'b', 35 = 'b', 41 = 'b'",39.09922145116485,15523,4704,44473,23084
20,"0 = 'o', 23 = 'b', 35 = 'b'",39.098084301391694,15545,4714,44473,23084
19,"0 = 'o', 23 = 'b', 41 = 'b'",39.09258649029635,15544,4714,44473,23084
18,"0 = 'o', 11 = 'b', 29 = 'b', 35 = 'b'",39.09250707468315,15524,4705,44473,23084
17,"0 = 'o', 11 = 'b', 29 = 'b', 41 = 'b'",39.08700831246065,15523,4705,44473,23084
16,"0 = 'o', 23 = 'b', 29 = 'b'",39.085878255881894,15545,4715,44473,23084
15,"0 = 'o', 23 = 'b', 35 = 'b', 41 = 'b'",39.08401266114602,15538,4712,44473,23084
14,"0 = 'o', 11 = 'b', 29 = 'b', 35 = 'b', 41 = 'b'",39.078441888054726,15517,4703,44473,23084
13,"0 = 'o', 23 = 'b', 29 = 'b', 35 = 'b'",39.077303133929846,15539,4713,44473,23084
12,"0 = 'o', 23 = 'b', 29 = 'b', 41 = 'b'",39.07180482634302,15538,4713,44473,23084
11,"0 = 'o', 23 = 'b', 29 = 'b', 35 = 'b', 41 = 'b'",39.06323052263622,15532,4711,44473,23084
10,"0 = 'o', 11 = 'b', 17 = 'b'",39.04846424311006,15476,4687,44473,23084
9,"0 = 'o', 11 = 'b', 17 = 'b', 35 = 'b'",39.039910873517265,15470,4685,44473,23084
8,"0 = 'o', 11 = 'b', 17 = 'b', 41 = 'b'",39.03440918766076,15469,4685,44473,23084
7,"0 = 'o', 17 = 'b', 23 = 'b'",39.033186512068724,15491,4695,44473,23084
6,"0 = 'o', 28 = 'b', 29 = 'b'",39.03266025707606,15522,4709,44473,23084
5,"0 = 'o', 11 = 'b', 17 = 'b', 29 = 'b'",39.02768256864347,15470,4686,44473,23084
4,"0 = 'o', 11 = 'b', 17 = 'b', 35 = 'b', 41 = 'b'",39.02585663049252,15463,4683,44473,23084
3,"0 = 'o', 17 = 'b', 23 = 'b', 35 = 'b'",39.02462523334539,15485,4693,44473,23084
2,"0 = 'o', 28 = 'b', 29 = 'b', 35 = 'b'",39.0240868737964,15516,4707,44473,23084
1,"0 = 'o', 40 = 'b', 41 = 'b'",39.022184674810276,15489,4695,44473,23084
0,"0 = 'o', 11 = 'b', 17 = 'b', 29 = 'b', 35 = 'b'",39.01912870702991,15464,4684,44473,23084
