,model,database,positive_train,negative_train,positive_test,negative_test,k
0,BerryFinder,HealthyAging,0.0,0.0,0.0,0.0,0
1,BSD,Mushrooms,0.978015448603684,0.08809447813597192,0.9738717339667459,0.07662835249042145,10
2,SDMapStar,HealthyAging,1.0,0.9935622317596566,1.0,1.0,100
3,BerryFinder,Vancomycin,1.0,0.6170212765957447,1.0,0.7916666666666666,8
4,BSD,MIMIC-IV,0.9572142116671378,0.36817991209405626,0.95626767200754,0.3708535221766679,310
5,BSD,Car,1.0,0.8864734299516909,1.0,0.9134615384615384,340
6,BSD,Car,1.0,0.8768115942028986,1.0,0.875,160
7,BSD,Soybean,1.0,0.6103286384976526,1.0,0.6296296296296297,220
8,SDMapStar,Cardio,1.0,1.0,1.0,1.0,130
9,BSD,MIMIC-IV,0.30166808029403447,0.06864739776662991,0.2942507068803016,0.06851782830165237,10
10,BSD,Soybean,1.0,0.6150234741784038,1.0,0.6296296296296297,250
11,SDMapStar,Cardio,1.0,1.0,1.0,1.0,400
12,BSD,Depression,1.0,0.84,1.0,0.82,160
13,BSD,Dermatology,1.0,0.8571428571428571,1.0,0.8431372549019608,220
14,BSD,Dermatology,1.0,0.8571428571428571,1.0,0.8431372549019608,190
15,BSD,Depression,0.9950248756218906,0.71,1.0,0.66,40
16,BSD,MIMIC-IV,0.5671001790594666,0.16886949228881606,0.5732327992459944,0.17138775003105977,70
17,BSD,MIMIC-IV,0.9572142116671378,0.36817991209405626,0.95626767200754,0.3708535221766679,190
18,BSD,Mushrooms,1.0,0.8921161825726142,1.0,0.879948914431673,70
19,BSD,connect4,0.5115599629182235,0.30518213356461404,0.501577287066246,0.30953408110440034,100
20,BSD,Vancomycin,1.0,0.46808510638297873,1.0,0.4583333333333333,160
21,SDMapStar,Depression,0.9402985074626866,0.66,1.0,0.68,40
22,BerryFinder,Chess,0.9066967644845748,0.007334963325183374,0.888235294117647,0.013333333333333334,10
23,BSD,Car,1.0,0.8768115942028986,1.0,0.875,250
24,SDMapStar,HealthyAging,1.0,0.9957081545064378,1.0,1.0,370
25,SDMapStar,Mushrooms,0.8107546048722519,0.03096074050430897,0.8064133016627079,0.02937420178799489,370
26,BSD,Dermatology,1.0,0.8571428571428571,1.0,0.8431372549019608,400
27,SDMapStar,Vancomycin,1.0,0.9787234042553191,1.0,0.9583333333333334,160
28,BerryFinder,Cardio,0.3408855376478576,0.16268694007209908,0.3409090909090909,0.16176470588235295,2
29,SDMapStar,Car,0.9896694214876033,0.45410628019323673,0.9917355371900827,0.5192307692307693,340
30,SDMapStar,MIMIC-IV,0.9835076807086985,0.8534797396990076,0.9836003770028275,0.8592371723195428,400
31,SDMapStar,MIMIC-IV,0.30166808029403447,0.06864739776662991,0.2942507068803016,0.06851782830165237,40
32,BSD,Car,1.0,0.8188405797101449,1.0,0.7980769230769231,40
33,BSD,Car,1.0,0.8864734299516909,1.0,0.9134615384615384,370
34,BSD,HealthyAging,1.0,0.9914163090128756,0.9615384615384616,1.0,310
35,BSD,Chess,0.8442437923250564,0.3960880195599022,0.8529411764705882,0.43,100
36,SDMapStar,Car,0.9896694214876033,0.45410628019323673,0.9917355371900827,0.5192307692307693,400
37,BSD,connect4,0.6113155603000253,0.3512033824804857,0.5940739071653898,0.35353753235547886,220
38,BSD,Vancomycin,1.0,0.46808510638297873,1.0,0.4583333333333333,310
39,BSD,Car,1.0,0.8768115942028986,1.0,0.875,220
40,BSD,connect4,0.5115037784082929,0.30518213356461404,0.501577287066246,0.30953408110440034,40
41,SDMapStar,HealthyAging,1.0,0.9935622317596566,1.0,1.0,160
42,BSD,Vancomycin,1.0,0.46808510638297873,1.0,0.4583333333333333,10
43,BSD,Cardio,0.17667869778079548,0.05343184495127958,0.1758147512864494,0.05639634494574529,10
44,BSD,StudentSuccess,0.8464544946957008,0.5005720823798627,0.8660287081339713,0.4732334047109208,130
45,SDMapStar,Depression,0.9402985074626866,0.66,1.0,0.68,370
46,BSD,Dermatology,1.0,0.6157635467980296,1.0,0.6470588235294118,70
47,SDMapStar,HealthyAging,1.0,0.9957081545064378,1.0,1.0,310
48,BSD,connect4,0.6113436525549906,0.3512575888985256,0.5940739071653898,0.35353753235547886,280
49,SDMapStar,Vancomycin,1.0,0.9468085106382979,1.0,0.9583333333333334,10
50,SDMapStar,MIMIC-IV,0.9494863820563566,0.6326432354357246,0.9464655984919886,0.641197664306125,340
51,BSD,Vancomycin,1.0,0.46808510638297873,1.0,0.4583333333333333,100
52,SDMapStar,Depression,0.9402985074626866,0.66,1.0,0.68,400
53,SDMapStar,Mushrooms,0.8107546048722519,0.03096074050430897,0.8064133016627079,0.02937420178799489,220
54,BerryFinder,connect4,0.7873135376576678,0.5503035559410234,0.7849256421811627,0.5614754098360656,43
55,BSD,Vancomycin,1.0,0.46808510638297873,1.0,0.4583333333333333,70
56,BSD,Car,1.0,0.8768115942028986,1.0,0.875,280
57,BSD,Chess,0.9217456734386757,0.634881825590872,0.9088235294117647,0.6833333333333333,310
58,SDMapStar,Cardio,1.0,1.0,1.0,1.0,250
59,BSD,Chess,0.7208427389014297,0.09535452322738386,0.6970588235294117,0.07666666666666666,10
60,BSD,Soybean,1.0,0.7136150234741784,1.0,0.7592592592592593,340
61,SDMapStar,HealthyAging,1.0,0.9957081545064378,1.0,1.0,400
62,SDMapStar,Depression,0.9402985074626866,0.66,1.0,0.68,250
63,SDMapStar,Mushrooms,0.8107546048722519,0.03096074050430897,0.8064133016627079,0.02937420178799489,70
64,BSD,Chess,0.8487584650112867,0.43276283618581907,0.8588235294117647,0.4666666666666667,220
65,BerryFinder,Depression,0.8855721393034826,0.33,0.8823529411764706,0.36,2
66,SDMapStar,Car,0.9896694214876033,0.45410628019323673,0.9917355371900827,0.5192307692307693,310
67,BSD,HealthyAging,0.9523809523809523,0.8454935622317596,0.9230769230769231,0.8547008547008547,40
68,SDMapStar,Vancomycin,1.0,0.9787234042553191,1.0,0.9583333333333334,400
69,SDMapStar,Mushrooms,0.8107546048722519,0.03096074050430897,0.8064133016627079,0.02937420178799489,400
70,BerryFinder,Dermatology,1.0,0.03940886699507389,1.0,0.1568627450980392,142
71,BSD,Mushrooms,1.0,0.971592722630067,1.0,0.9757343550446999,190
72,BerryFinder,Mushrooms,0.9988116458704694,0.0,1.0,0.0,108
73,BSD,StudentSuccess,0.8464544946957008,0.5005720823798627,0.8660287081339713,0.4732334047109208,250
74,BSD,MIMIC-IV,0.9572142116671378,0.36817991209405626,0.95626767200754,0.3708535221766679,160
75,BSD,MIMIC-IV,0.9572142116671378,0.36817991209405626,0.95626767200754,0.3708535221766679,250
76,SDMapStar,Car,0.9896694214876033,0.45410628019323673,0.9917355371900827,0.5192307692307693,280
77,SDMapStar,Mushrooms,0.8107546048722519,0.03096074050430897,0.8064133016627079,0.02937420178799489,40
78,BSD,Depression,0.9950248756218906,0.805,1.0,0.78,130
79,BSD,Car,1.0,0.8188405797101449,1.0,0.7980769230769231,70
80,SDMapStar,Vancomycin,1.0,0.9787234042553191,1.0,0.9583333333333334,250
81,BSD,Chess,0.7291196388261851,0.16951915240423798,0.7,0.11333333333333333,40
82,BSD,Cardio,0.9632991459100168,0.9381090052468144,0.9622641509433962,0.9408909194745859,370
83,BSD,Depression,1.0,0.86,1.0,0.82,220
84,BSD,Vancomycin,1.0,0.46808510638297873,1.0,0.4583333333333333,250
85,BSD,Vancomycin,1.0,0.46808510638297873,1.0,0.4583333333333333,370
86,SDMapStar,Vancomycin,1.0,0.9787234042553191,1.0,0.9583333333333334,130
87,SDMapStar,HealthyAging,1.0,0.9957081545064378,1.0,1.0,280
88,BerryFinder,Car,0.7923553719008265,0.0,0.7975206611570248,0.0,2
89,SDMapStar,Cardio,0.9992138083836615,0.9997144590784167,0.9988564894225271,0.9994288977727013,40
90,SDMapStar,Car,0.9617768595041323,0.34782608695652173,0.9462809917355371,0.38461538461538464,130
91,SDMapStar,Vancomycin,1.0,0.9787234042553191,1.0,0.9583333333333334,280
92,SDMapStar,Cardio,1.0,1.0,1.0,1.0,190
93,SDMapStar,Car,0.9896694214876033,0.45410628019323673,0.9917355371900827,0.5192307692307693,370
94,SDMapStar,Cardio,1.0,1.0,1.0,1.0,220
95,BSD,Chess,0.8592927012791572,0.49877750611246946,0.8676470588235294,0.5233333333333333,280
96,BSD,StudentSuccess,0.8464544946957008,0.5005720823798627,0.8660287081339713,0.4732334047109208,100
97,SDMapStar,Depression,0.9402985074626866,0.66,1.0,0.68,340
98,SDMapStar,Car,0.9617768595041323,0.34782608695652173,0.9462809917355371,0.38461538461538464,40
99,BSD,connect4,0.5115599629182235,0.30518213356461404,0.501577287066246,0.30953408110440034,70
100,BSD,connect4,0.6112312835351293,0.3512033824804857,0.5940739071653898,0.35353753235547886,160
101,BSD,Cardio,0.5253904156094772,0.35721169290073884,0.5341623785020011,0.355653912050257,280
102,BSD,Dermatology,1.0,0.8571428571428571,1.0,0.8431372549019608,340
103,BerryFinder,MIMIC-IV,0.9553764960889642,0.3653221923680246,0.954382657869934,0.3684929804944714,20
104,BSD,Depression,1.0,0.86,1.0,0.82,250
105,SDMapStar,MIMIC-IV,0.9709263971350486,0.7696895336015034,0.9698397737983034,0.7729531618834637,370
106,SDMapStar,Car,0.9617768595041323,0.34782608695652173,0.9462809917355371,0.38461538461538464,70
107,BSD,StudentSuccess,0.9720826353992184,0.7562929061784897,0.9784688995215312,0.7730192719486081,370
108,BSD,HealthyAging,1.0,0.9914163090128756,0.9615384615384616,1.0,190
109,BSD,Cardio,0.3949898152449702,0.21440553949387872,0.39422527158376214,0.21559109080525415,190
110,SDMapStar,Mushrooms,0.8107546048722519,0.03096074050430897,0.8064133016627079,0.02937420178799489,310
111,SDMapStar,Cardio,1.0,1.0,1.0,1.0,70
112,BSD,connect4,0.35140601736101357,0.2032740676496097,0.34790446146913023,0.21074201898188094,10
113,BSD,MIMIC-IV,0.9572142116671378,0.36817991209405626,0.95626767200754,0.3708535221766679,220
114,SDMapStar,Vancomycin,1.0,0.9787234042553191,1.0,0.9583333333333334,190
115,BSD,Car,1.0,0.8768115942028986,1.0,0.875,310
116,BSD,Car,1.0,0.8768115942028986,1.0,0.875,130
117,SDMapStar,Vancomycin,1.0,0.9787234042553191,1.0,0.9583333333333334,370
118,SDMapStar,Car,0.9896694214876033,0.45410628019323673,0.9917355371900827,0.5192307692307693,250
119,BSD,Car,0.9896694214876033,0.45410628019323673,0.9917355371900827,0.5192307692307693,10
120,SDMapStar,MIMIC-IV,0.7234473659410047,0.274185782844363,0.7253534401508012,0.2774257671760467,190
121,BSD,MIMIC-IV,0.9572142116671378,0.36817991209405626,0.95626767200754,0.3708535221766679,130
122,BerryFinder,StudentSuccess,0.7615857063093244,0.2705949656750572,0.7607655502392344,0.2826552462526767,85
123,BSD,StudentSuccess,0.9720826353992184,0.7562929061784897,0.9784688995215312,0.7730192719486081,340
124,SDMapStar,MIMIC-IV,0.9138158514748845,0.3679780079829779,0.9057492931196984,0.37060504410485773,220
125,SDMapStar,HealthyAging,1.0,0.9935622317596566,1.0,1.0,190
126,BSD,Chess,0.7291196388261851,0.1817440912795436,0.7,0.12333333333333334,70
127,SDMapStar,Cardio,1.0,1.0,1.0,1.0,280
128,BSD,Soybean,1.0,0.29107981220657275,1.0,0.2777777777777778,10
129,SDMapStar,HealthyAging,1.0,0.9935622317596566,1.0,1.0,10
130,SDMapStar,MIMIC-IV,0.5237018188672132,0.16866758817773775,0.5227144203581526,0.1711392719592496,160
131,BSD,Cardio,0.36036164814351573,0.18535175072277546,0.36049170954831333,0.18475157053112506,70
132,BSD,Cardio,0.3949898152449702,0.21440553949387872,0.39422527158376214,0.21559109080525415,130
133,SDMapStar,MIMIC-IV,0.30166808029403447,0.06864739776662991,0.2942507068803016,0.06851782830165237,100
134,BSD,MIMIC-IV,0.9572142116671378,0.36817991209405626,0.95626767200754,0.3708535221766679,340
135,BSD,Soybean,1.0,0.7136150234741784,1.0,0.7592592592592593,310
136,BSD,Chess,0.8592927012791572,0.49877750611246946,0.8676470588235294,0.5233333333333333,250
137,SDMapStar,Depression,0.9402985074626866,0.66,1.0,0.68,310
138,BSD,Depression,0.9950248756218906,0.805,1.0,0.78,100
139,BSD,Vancomycin,1.0,0.46808510638297873,1.0,0.4583333333333333,340
140,BSD,Cardio,0.5253904156094772,0.35721169290073884,0.5341623785020011,0.355653912050257,310
141,BSD,HealthyAging,1.0,0.9914163090128756,0.9615384615384616,1.0,250
142,SDMapStar,Vancomycin,1.0,0.9787234042553191,1.0,0.9583333333333334,340
143,SDMapStar,MIMIC-IV,0.30166808029403447,0.06864739776662991,0.2942507068803016,0.06851782830165237,70
144,BSD,Chess,0.9307750188111362,0.7514262428687857,0.9176470588235294,0.7866666666666666,340
145,SDMapStar,Cardio,1.0,1.0,1.0,1.0,340
146,BSD,Depression,1.0,0.915,1.0,0.9,370
147,BSD,Chess,0.9307750188111362,0.7514262428687857,0.9176470588235294,0.7866666666666666,400
148,BSD,HealthyAging,1.0,0.9914163090128756,0.9615384615384616,1.0,220
149,BSD,Mushrooms,1.0,0.994893073731248,1.0,0.9897828863346104,400
150,BSD,Chess,0.8487584650112867,0.43276283618581907,0.8588235294117647,0.4666666666666667,190
151,BSD,connect4,0.6113436525549906,0.3512575888985256,0.5940739071653898,0.35353753235547886,370
152,BSD,connect4,0.6113436525549906,0.3512575888985256,0.5940739071653898,0.35353753235547886,340
153,BSD,MIMIC-IV,0.9572142116671378,0.36817991209405626,0.95626767200754,0.3708535221766679,370
154,BSD,HealthyAging,1.0,0.9914163090128756,0.9615384615384616,1.0,280
155,SDMapStar,Vancomycin,1.0,0.9787234042553191,1.0,0.9583333333333334,310
156,BSD,HealthyAging,0.9619047619047619,0.8605150214592274,0.9230769230769231,0.8888888888888888,70
157,BSD,Soybean,1.0,0.6009389671361502,1.0,0.5740740740740741,100
158,BerryFinder,Soybean,1.0,0.2347417840375587,0.875,0.2222222222222222,97
159,BSD,Mushrooms,1.0,0.7804021704436642,1.0,0.7752234993614304,40
160,BSD,Dermatology,1.0,0.8571428571428571,1.0,0.8431372549019608,280
161,SDMapStar,Depression,0.9402985074626866,0.66,1.0,0.68,10
162,SDMapStar,Mushrooms,0.8107546048722519,0.03096074050430897,0.8064133016627079,0.02937420178799489,250
163,BSD,Vancomycin,1.0,0.46808510638297873,1.0,0.4583333333333333,40
164,SDMapStar,Cardio,1.0,1.0,1.0,1.0,370
165,SDMapStar,Car,0.9896694214876033,0.45410628019323673,0.9917355371900827,0.5192307692307693,220
166,SDMapStar,MIMIC-IV,0.30166808029403447,0.06864739776662991,0.2942507068803016,0.06851782830165237,10
167,SDMapStar,Cardio,0.9990351284708573,0.9996430738480209,0.9987135506003431,0.9994288977727013,10
168,BSD,Soybean,1.0,0.6244131455399061,1.0,0.6296296296296297,280
169,SDMapStar,Car,0.9617768595041323,0.34782608695652173,0.9462809917355371,0.38461538461538464,100
170,SDMapStar,MIMIC-IV,0.9240882103477523,0.4518458695078199,0.9176248821866164,0.45614362032550626,250
171,BSD,Soybean,1.0,0.6009389671361502,1.0,0.5925925925925926,130
172,BSD,Mushrooms,1.0,0.8921161825726142,1.0,0.879948914431673,100
173,BSD,Chess,0.8442437923250564,0.3960880195599022,0.8529411764705882,0.43,130
174,BSD,HealthyAging,0.9714285714285714,0.869098712446352,0.9230769230769231,0.905982905982906,100
175,BSD,HealthyAging,1.0,0.9914163090128756,0.9615384615384616,1.0,400
176,BSD,Mushrooms,1.0,0.971592722630067,1.0,0.9757343550446999,250
177,SDMapStar,Vancomycin,1.0,0.9680851063829787,1.0,0.9583333333333334,70
178,BSD,Cardio,0.9632991459100168,0.9381090052468144,0.9622641509433962,0.9408909194745859,400
179,BSD,Mushrooms,1.0,0.944142993935525,1.0,0.9476372924648787,130
180,BSD,Depression,1.0,0.9,1.0,0.86,280
181,BSD,Cardio,0.3949898152449702,0.21440553949387872,0.39422527158376214,0.21559109080525415,220
182,BSD,Depression,0.9253731343283582,0.405,0.9019607843137255,0.46,10
183,SDMapStar,MIMIC-IV,0.9455753463387051,0.6026527093978599,0.942507068803016,0.6103242638837123,310
184,BSD,Vancomycin,1.0,0.46808510638297873,1.0,0.4583333333333333,190
185,SDMapStar,Car,0.7923553719008265,0.0,0.7975206611570248,0.0,10
186,BSD,Soybean,1.0,0.5539906103286385,1.0,0.48148148148148145,40
187,BSD,Vancomycin,1.0,0.46808510638297873,1.0,0.4583333333333333,400
188,BSD,HealthyAging,1.0,0.9914163090128756,0.9615384615384616,1.0,340
189,BSD,Soybean,1.0,0.7136150234741784,1.0,0.7592592592592593,370
190,BSD,Mushrooms,1.0,0.971592722630067,1.0,0.9757343550446999,220
191,BSD,HealthyAging,0.9428571428571428,0.8390557939914163,0.9230769230769231,0.8461538461538461,10
192,SDMapStar,Mushrooms,0.8107546048722519,0.03096074050430897,0.8064133016627079,0.02937420178799489,190
193,BSD,Vancomycin,1.0,0.46808510638297873,1.0,0.4583333333333333,280
194,BSD,Mushrooms,1.0,0.971592722630067,1.0,0.9757343550446999,340
195,BSD,StudentSuccess,0.8358458961474037,0.482837528604119,0.8564593301435407,0.4603854389721627,70
196,BSD,Car,1.0,0.8864734299516909,1.0,0.9134615384615384,400
197,BSD,StudentSuccess,0.8464544946957008,0.5005720823798627,0.8660287081339713,0.4732334047109208,190
198,SDMapStar,Depression,0.9402985074626866,0.66,1.0,0.68,100
199,BSD,Cardio,0.5253904156094772,0.35721169290073884,0.5341623785020011,0.355653912050257,250
200,BSD,Cardio,0.5253904156094772,0.35721169290073884,0.5341623785020011,0.355653912050257,340
201,SDMapStar,HealthyAging,1.0,0.9957081545064378,1.0,1.0,220
202,BSD,Depression,0.9950248756218906,0.71,1.0,0.66,70
203,SDMapStar,Cardio,1.0,1.0,1.0,1.0,310
204,BSD,Cardio,0.3949898152449702,0.21440553949387872,0.39422527158376214,0.21559109080525415,160
205,BSD,HealthyAging,1.0,0.9914163090128756,0.9615384615384616,1.0,370
206,BSD,StudentSuccess,0.8358458961474037,0.482837528604119,0.8564593301435407,0.4603854389721627,40
207,BSD,StudentSuccess,0.9704075935231714,0.717391304347826,0.9712918660287081,0.721627408993576,280
208,BSD,StudentSuccess,0.9709659408151871,0.7208237986270023,0.9712918660287081,0.7237687366167024,310
209,SDMapStar,Depression,0.9402985074626866,0.66,1.0,0.68,160
210,SDMapStar,Mushrooms,0.8107546048722519,0.03096074050430897,0.8064133016627079,0.02937420178799489,160
211,SDMapStar,Depression,0.9402985074626866,0.66,1.0,0.68,220
212,BSD,Dermatology,1.0,0.8078817733990148,1.0,0.803921568627451,160
213,BSD,StudentSuccess,0.8464544946957008,0.5005720823798627,0.8660287081339713,0.4732334047109208,220
214,SDMapStar,HealthyAging,1.0,0.9957081545064378,1.0,1.0,250
215,BSD,MIMIC-IV,0.9572142116671378,0.36817991209405626,0.95626767200754,0.3708535221766679,400
216,BSD,connect4,0.5805545411130152,0.3351040763226366,0.56399278954484,0.3364969801553063,130
217,SDMapStar,MIMIC-IV,0.5237018188672132,0.16866758817773775,0.5227144203581526,0.1711392719592496,130
218,BSD,Dermatology,1.0,0.8571428571428571,1.0,0.8431372549019608,250
219,BSD,Soybean,1.0,0.6103286384976526,1.0,0.6111111111111112,160
220,BSD,Mushrooms,1.0,0.971592722630067,1.0,0.9757343550446999,310
221,SDMapStar,Mushrooms,0.8107546048722519,0.03096074050430897,0.8064133016627079,0.02937420178799489,130
222,BSD,connect4,0.6112312835351293,0.3512033824804857,0.5940739071653898,0.35353753235547886,190
223,BSD,Chess,0.8487584650112867,0.43276283618581907,0.8588235294117647,0.4666666666666667,160
224,BSD,Vancomycin,1.0,0.46808510638297873,1.0,0.4583333333333333,220
225,BSD,connect4,0.6113436525549906,0.3512575888985256,0.5940739071653898,0.35353753235547886,250
226,SDMapStar,MIMIC-IV,0.9328527000282726,0.5058629847640052,0.9268614514608859,0.5104981985339794,280
227,SDMapStar,Mushrooms,0.8107546048722519,0.03096074050430897,0.8064133016627079,0.02937420178799489,280
228,BSD,Car,1.0,0.8768115942028986,1.0,0.875,190
229,SDMapStar,Vancomycin,1.0,0.9680851063829787,1.0,0.9583333333333334,40
230,SDMapStar,HealthyAging,1.0,0.9935622317596566,1.0,1.0,130
231,SDMapStar,Cardio,1.0,1.0,1.0,1.0,160
232,BSD,Vancomycin,1.0,0.46808510638297873,1.0,0.4583333333333333,130
233,BSD,Mushrooms,1.0,0.981168209383977,1.0,0.9833971902937421,370
234,SDMapStar,HealthyAging,1.0,0.9935622317596566,1.0,1.0,40
235,BSD,MIMIC-IV,0.7574686645933465,0.262661717427431,0.7536286522148916,0.2645670269598708,100
236,SDMapStar,Depression,0.9402985074626866,0.66,1.0,0.68,70
237,BSD,Soybean,1.0,0.7136150234741784,1.0,0.7592592592592593,400
238,SDMapStar,Cardio,1.0,1.0,1.0,1.0,100
239,BSD,connect4,0.6113436525549906,0.3512575888985256,0.5940739071653898,0.35353753235547886,400
240,SDMapStar,Car,0.9896694214876033,0.45410628019323673,0.9917355371900827,0.5192307692307693,190
241,SDMapStar,Mushrooms,0.8107546048722519,0.03096074050430897,0.8064133016627079,0.02937420178799489,100
242,BSD,MIMIC-IV,0.9572142116671378,0.36817991209405626,0.95626767200754,0.3708535221766679,280
243,BSD,HealthyAging,0.9904761904761905,0.9463519313304721,0.9615384615384616,0.9658119658119658,130
244,BSD,Soybean,1.0,0.6103286384976526,1.0,0.6296296296296297,190
245,BSD,Cardio,0.17667869778079548,0.05343184495127958,0.1758147512864494,0.05639634494574529,40
246,SDMapStar,HealthyAging,1.0,0.9935622317596566,1.0,1.0,70
247,BSD,Depression,1.0,0.915,1.0,0.9,340
248,BSD,Depression,1.0,0.915,1.0,0.9,400
249,BSD,Dermatology,1.0,0.7783251231527094,1.0,0.803921568627451,130
250,BSD,HealthyAging,0.9904761904761905,0.9549356223175965,0.9615384615384616,0.9658119658119658,160
251,SDMapStar,HealthyAging,1.0,0.9957081545064378,1.0,1.0,340
252,BSD,Soybean,1.0,0.596244131455399,1.0,0.5555555555555556,70
253,BSD,Dermatology,1.0,0.6945812807881774,1.0,0.7450980392156863,100
254,BSD,Depression,1.0,0.84,1.0,0.82,190
255,BSD,Dermatology,1.0,0.8571428571428571,1.0,0.8431372549019608,370
256,SDMapStar,Vancomycin,1.0,0.9787234042553191,1.0,0.9583333333333334,220
257,SDMapStar,Depression,0.9402985074626866,0.66,1.0,0.68,280
258,SDMapStar,Mushrooms,0.8107546048722519,0.03096074050430897,0.8064133016627079,0.02937420178799489,340
259,BSD,Depression,1.0,0.9,1.0,0.86,310
260,SDMapStar,Depression,0.9402985074626866,0.66,1.0,0.68,130
261,SDMapStar,Mushrooms,0.8107546048722519,0.03096074050430897,0.8064133016627079,0.02937420178799489,10
262,BSD,Mushrooms,1.0,0.971592722630067,1.0,0.9757343550446999,280
263,BSD,Dermatology,1.0,0.8571428571428571,1.0,0.8431372549019608,310
264,BSD,connect4,0.6113436525549906,0.3512575888985256,0.5940739071653898,0.35353753235547886,310
265,BSD,Cardio,0.3949898152449702,0.21440553949387872,0.39422527158376214,0.21559109080525415,100
266,BSD,StudentSuccess,0.8012283640424344,0.43077803203661325,0.8181818181818182,0.40471092077087795,10
267,BSD,Dermatology,1.0,0.5123152709359606,1.0,0.5686274509803921,40
268,SDMapStar,Vancomycin,1.0,0.9787234042553191,1.0,0.9583333333333334,100
269,BSD,StudentSuccess,0.8464544946957008,0.5005720823798627,0.8660287081339713,0.4732334047109208,160
270,BSD,Dermatology,1.0,0.029556650246305417,1.0,0.1568627450980392,10
271,BSD,Chess,0.9307750188111362,0.7514262428687857,0.9176470588235294,0.7866666666666666,370
272,BSD,MIMIC-IV,0.3450664404862878,0.06884930187770823,0.34476908576814325,0.06876630637346254,40
273,BSD,Mushrooms,1.0,0.944142993935525,1.0,0.9476372924648787,160
274,BSD,StudentSuccess,0.9720826353992184,0.7568649885583524,0.9784688995215312,0.7751605995717344,400
275,SDMapStar,Depression,0.9402985074626866,0.66,1.0,0.68,190
276,BSD,Car,1.0,0.8768115942028986,1.0,0.875,100
277,SDMapStar,Car,0.9896694214876033,0.45410628019323673,0.9917355371900827,0.5192307692307693,160
